type,uri,element,value
collectionobjects,/collectionobjects/0084fecd-2543-4fe5-90e7,responsibleDepartment,artcollection
collectionobjects,/collectionobjects/75e31b07-ec95-44af-819b,responsibleDepartment,artcollection
collectionobjects,/collectionobjects/8bd1d63c-d2cd-46bb-b57f,responsibleDepartment,artcollection
collectionobjects,/collectionobjects/370319a0-a464-4341-989b,responsibleDepartment,artcollection
collectionobjects,/collectionobjects/dd036ef0-b0cb-4de5-8f7d,responsibleDepartment,artcollection
collectionobjects,/collectionobjects/9df3d828-ffc0-4cd2-8c8a,responsibleDepartment,artcollection
collectionobjects,/collectionobjects/36a7c313-af6e-4487-9a4c,responsibleDepartment,artcollection
collectionobjects,/collectionobjects/e3c8f066-565e-4091-a049,responsibleDepartment,artcollection
collectionobjects,/collectionobjects/9fe6c6f1-25f2-493d-b1e5,responsibleDepartment,artcollection
collectionobjects,/collectionobjects/b799ea72-ccd1-4b6d-ad8e,responsibleDepartment,artcollection
collectionobjects,/collectionobjects/6f425f14-ee9a-4a61-a4c7,responsibleDepartment,artcollection
collectionobjects,/collectionobjects/9d232bf8-8d24-491a-bfff,responsibleDepartment,artcollection
collectionobjects,/collectionobjects/c9364071-90f7-4950-aeb0,responsibleDepartment,artcollection
collectionobjects,/collectionobjects/12eef296-39d4-46b5-9b17,responsibleDepartment,artcollection
collectionobjects,/collectionobjects/0fe53346-7f45-42df-90b6,responsibleDepartment,artcollection
collectionobjects,/collectionobjects/d6391b87-e8c0-4aeb-b08c,responsibleDepartment,artcollection
collectionobjects,/collectionobjects/445b9d2c-dea5-48a3-9dd3,responsibleDepartment,artcollection
collectionobjects,/collectionobjects/3f03fe4b-ef26-40c6-9fce,responsibleDepartment,artcollection
collectionobjects,/collectionobjects/8f2335dc-1910-448c-883a,responsibleDepartment,artcollection
collectionobjects,/collectionobjects/6c76c7ab-15cc-4df5-8137,responsibleDepartment,artcollection
collectionobjects,/collectionobjects/090c3abe-b280-42ab-9305,responsibleDepartment,artcollection
collectionobjects,/collectionobjects/9e451fad-725f-4dec-baf5,responsibleDepartment,artcollection
collectionobjects,/collectionobjects/0190a71b-df15-46f3-a18d,responsibleDepartment,artcollection
collectionobjects,/collectionobjects/4c718822-0417-439a-8025,responsibleDepartment,artcollection
collectionobjects,/collectionobjects/45af1475-c4d2-47cb-9551,responsibleDepartment,artcollection
collectionobjects,/collectionobjects/9177cae0-2190-4abb-8269,responsibleDepartment,artcollection
collectionobjects,/collectionobjects/e9b16ef3-aaa3-4bf6-9d2d,responsibleDepartment,artcollection
collectionobjects,/collectionobjects/bcf26775-c919-4b05-b72a,responsibleDepartment,artcollection
collectionobjects,/collectionobjects/7e463380-14b8-46bc-bf73,responsibleDepartment,artcollection
collectionobjects,/collectionobjects/e4a55af4-30c9-4ec8-b98f,responsibleDepartment,artcollection
collectionobjects,/collectionobjects/ad91e4b7-2e53-4968-b68d,responsibleDepartment,artcollection
collectionobjects,/collectionobjects/20cc5b1f-3ae6-451e-90b5,responsibleDepartment,artcollection
collectionobjects,/collectionobjects/1cd95027-2b2c-44a1-9664,responsibleDepartment,artcollection
collectionobjects,/collectionobjects/4feb9cfe-e3d1-4251-bb5f,responsibleDepartment,artcollection
collectionobjects,/collectionobjects/c197e482-0f15-4e52-9575,responsibleDepartment,artcollection
collectionobjects,/collectionobjects/9c3406a3-a59c-4236-8a12,responsibleDepartment,artcollection
collectionobjects,/collectionobjects/7edf739d-a331-47f8-926a,responsibleDepartment,artcollection
collectionobjects,/collectionobjects/f9e0ba92-ee6b-4932-bb4c,responsibleDepartment,artcollection
collectionobjects,/collectionobjects/bf9e44c3-9c8d-4cff-afa6,responsibleDepartment,artcollection
collectionobjects,/collectionobjects/4a19c17b-98d2-4b5a-ba54,responsibleDepartment,artcollection
collectionobjects,/collectionobjects/e67b6c18-62b1-4256-b52b,responsibleDepartment,artcollection
collectionobjects,/collectionobjects/09c2593d-c4bb-44ac-b000,responsibleDepartment,artcollection
collectionobjects,/collectionobjects/4c5bcabe-7847-415e-aecd,responsibleDepartment,artcollection
collectionobjects,/collectionobjects/76886c41-585a-4f9f-9d18,responsibleDepartment,artcollection
collectionobjects,/collectionobjects/e5b18a26-2b54-4123-832f,responsibleDepartment,artcollection
collectionobjects,/collectionobjects/599e592b-ba2e-4263-a555,responsibleDepartment,artcollection
collectionobjects,/collectionobjects/f480f248-067b-416d-8a15,responsibleDepartment,artcollection
collectionobjects,/collectionobjects/7fca784b-b022-4a39-8268,responsibleDepartment,artcollection
collectionobjects,/collectionobjects/1eaca9c7-e772-4db6-bc90,responsibleDepartment,artcollection
collectionobjects,/collectionobjects/e1924165-e2a0-4ccf-8a9e,responsibleDepartment,artcollection
collectionobjects,/collectionobjects/5686c44f-dab5-41d9-9ea7,responsibleDepartment,artcollection
collectionobjects,/collectionobjects/c3b19148-de00-4756-b0cd,responsibleDepartment,artcollection
collectionobjects,/collectionobjects/3d6a8542-19a8-4c51-971b,responsibleDepartment,artcollection
collectionobjects,/collectionobjects/0c0f0aaa-1895-4453-8d75,responsibleDepartment,artcollection
collectionobjects,/collectionobjects/0f59c96e-c06d-4177-98ae,responsibleDepartment,artcollection
collectionobjects,/collectionobjects/e1b39c28-89b2-4a0f-a11c,responsibleDepartment,artcollection
collectionobjects,/collectionobjects/748245e9-b6e4-41a7-b24b,responsibleDepartment,artcollection
collectionobjects,/collectionobjects/c696cdb3-598d-44fa-8c21,responsibleDepartment,artcollection
collectionobjects,/collectionobjects/acea870e-59d4-4c8b-a7a3,responsibleDepartment,artcollection
collectionobjects,/collectionobjects/6f832d27-fe99-4b81-a643,responsibleDepartment,artcollection
collectionobjects,/collectionobjects/e335e38c-078c-47bb-aa24,responsibleDepartment,artcollection
collectionobjects,/collectionobjects/b5b871a1-61f9-4517-96a7,responsibleDepartment,artcollection
collectionobjects,/collectionobjects/9c483d77-251e-4c81-a716,responsibleDepartment,artcollection
collectionobjects,/collectionobjects/b74cb57c-5afc-4958-8b49,responsibleDepartment,artcollection
collectionobjects,/collectionobjects/a607e7ad-95a3-4ba5-9059,responsibleDepartment,artcollection
collectionobjects,/collectionobjects/c696bf35-35c4-4363-91f0,responsibleDepartment,artcollection
collectionobjects,/collectionobjects/4c43d2e0-1d00-499d-bfda,responsibleDepartment,artcollection
collectionobjects,/collectionobjects/1441975e-daf6-4914-b7a8,responsibleDepartment,artcollection
collectionobjects,/collectionobjects/feea1a07-3ede-4794-8271,responsibleDepartment,artcollection
collectionobjects,/collectionobjects/99b794b6-331a-4928-a13b,responsibleDepartment,artcollection
collectionobjects,/collectionobjects/9df8a491-a455-4241-8ca9,responsibleDepartment,artcollection
collectionobjects,/collectionobjects/8e4c96fc-eb9e-4e5d-a5a2,responsibleDepartment,artcollection
collectionobjects,/collectionobjects/b4a5de21-d17d-4f7f-96da,responsibleDepartment,artcollection
collectionobjects,/collectionobjects/833fb192-c34a-4101-8791,responsibleDepartment,artcollection
collectionobjects,/collectionobjects/dad05ffc-3528-40b6-9c5e,responsibleDepartment,artcollection
collectionobjects,/collectionobjects/b46b29a0-61de-41eb-afcd,responsibleDepartment,artcollection
collectionobjects,/collectionobjects/36977a93-1677-4101-97e6,responsibleDepartment,artcollection
collectionobjects,/collectionobjects/1cc3e37b-acda-4e8a-8b6b,responsibleDepartment,artcollection
collectionobjects,/collectionobjects/7c9657fe-95b3-46e1-b59e,responsibleDepartment,artcollection
collectionobjects,/collectionobjects/4a382830-6d6d-47a9-b66e,responsibleDepartment,artcollection
collectionobjects,/collectionobjects/12d47c03-78d1-412a-82b0,responsibleDepartment,artcollection
collectionobjects,/collectionobjects/2607441e-1803-47ba-b793,responsibleDepartment,artcollection
collectionobjects,/collectionobjects/a7a43f5d-713b-4a12-9918,responsibleDepartment,artcollection
collectionobjects,/collectionobjects/5b44190b-2bbb-4cec-b4b7,responsibleDepartment,artcollection
collectionobjects,/collectionobjects/f422da23-2346-4d9d-aacd,responsibleDepartment,artcollection
collectionobjects,/collectionobjects/1f1f5f0a-3679-4c9b-8f4c,responsibleDepartment,artcollection
collectionobjects,/collectionobjects/a3161bb9-360a-4f0f-942a,responsibleDepartment,artcollection
collectionobjects,/collectionobjects/e0b842a2-b797-47de-86a2,responsibleDepartment,artcollection
collectionobjects,/collectionobjects/5bcd0b44-edfd-4dc7-9688,responsibleDepartment,artcollection
collectionobjects,/collectionobjects/217d225c-957f-4a14-a55d,responsibleDepartment,artcollection
collectionobjects,/collectionobjects/69769f72-5364-4536-b53a,responsibleDepartment,artcollection
collectionobjects,/collectionobjects/1bfcd27b-f635-4355-81a7,responsibleDepartment,artcollection
collectionobjects,/collectionobjects/44456036-1747-48b1-ae08,responsibleDepartment,artcollection
collectionobjects,/collectionobjects/7acc0216-1e6f-4094-b4ea,responsibleDepartment,artcollection
collectionobjects,/collectionobjects/654c41be-daf7-4f49-9bb8,responsibleDepartment,artcollection
collectionobjects,/collectionobjects/5a0c9390-a8c7-479c-b53c,responsibleDepartment,artcollection
collectionobjects,/collectionobjects/21da2c5b-7361-4f14-be15,responsibleDepartment,artcollection
collectionobjects,/collectionobjects/0fb04093-3aa5-4fb4-afd1,responsibleDepartment,artcollection
collectionobjects,/collectionobjects/b5a8cc05-45dd-4002-805d,responsibleDepartment,artcollection
collectionobjects,/collectionobjects/5f5884b6-aeb7-4169-a82c,responsibleDepartment,artcollection
collectionobjects,/collectionobjects/89e226b2-6524-47a9-9b2f,responsibleDepartment,artcollection
collectionobjects,/collectionobjects/97e2e809-8c7f-4d88-8ec9,responsibleDepartment,artcollection
collectionobjects,/collectionobjects/52db5e76-ee0c-464a-911f,responsibleDepartment,artcollection
collectionobjects,/collectionobjects/58d2d7a7-69e4-4d47-acee,responsibleDepartment,artcollection
collectionobjects,/collectionobjects/19bdeaf5-4aa7-4dc3-9213,responsibleDepartment,artcollection
collectionobjects,/collectionobjects/4abb51c0-768b-46a3-a848,responsibleDepartment,artcollection
collectionobjects,/collectionobjects/8143133d-36d6-43a2-9c13,responsibleDepartment,artcollection
collectionobjects,/collectionobjects/05ecb243-1861-4a98-b8ef,responsibleDepartment,artcollection
collectionobjects,/collectionobjects/062ffec0-4676-4f48-abdf,responsibleDepartment,artcollection
collectionobjects,/collectionobjects/a441d571-d005-4632-9eed,responsibleDepartment,artcollection
collectionobjects,/collectionobjects/4d4288e8-43ed-4098-8ab4,responsibleDepartment,artcollection
collectionobjects,/collectionobjects/2dc9d90c-7213-4b26-8756,responsibleDepartment,artcollection
collectionobjects,/collectionobjects/5c3c6e13-4377-4985-9d23,responsibleDepartment,artcollection
collectionobjects,/collectionobjects/83d256f4-edad-4ab7-8e45,responsibleDepartment,artcollection
collectionobjects,/collectionobjects/dd96dc94-d693-459a-8483,responsibleDepartment,artcollection
collectionobjects,/collectionobjects/5edadf49-2975-45ae-9c64,responsibleDepartment,artcollection
collectionobjects,/collectionobjects/97c2fb46-7e79-40cc-af74,responsibleDepartment,artcollection
collectionobjects,/collectionobjects/8c1352e1-c025-497c-a86a,responsibleDepartment,artcollection
collectionobjects,/collectionobjects/f3c0ee6c-9467-4af7-82ad,responsibleDepartment,artcollection
collectionobjects,/collectionobjects/ba2f7c17-44da-425f-a5f0,responsibleDepartment,artcollection
collectionobjects,/collectionobjects/bee746ef-d277-41f5-8d3f,responsibleDepartment,artcollection
collectionobjects,/collectionobjects/92bd5f25-66ad-4e3d-a828,responsibleDepartment,artcollection
collectionobjects,/collectionobjects/6ca753fe-11fb-4835-9a97,responsibleDepartment,artcollection
collectionobjects,/collectionobjects/3c4772c1-99a1-4fcb-ae63,responsibleDepartment,artcollection
collectionobjects,/collectionobjects/6409b846-c965-4ea5-8a5e,responsibleDepartment,artcollection
collectionobjects,/collectionobjects/d2712e61-c34f-4c10-90ea,responsibleDepartment,artcollection
collectionobjects,/collectionobjects/722396db-a990-4bb3-a13c,responsibleDepartment,artcollection
collectionobjects,/collectionobjects/435364c9-61a4-42d7-96cd,responsibleDepartment,artcollection
collectionobjects,/collectionobjects/9adbc5db-2be8-48b5-84ba,responsibleDepartment,artcollection
collectionobjects,/collectionobjects/15760541-f5a9-46de-bccc,responsibleDepartment,artcollection
collectionobjects,/collectionobjects/a468660d-9e32-4494-b3a6,responsibleDepartment,artcollection
collectionobjects,/collectionobjects/a5d9ff64-07da-47b6-aa66,responsibleDepartment,artcollection
collectionobjects,/collectionobjects/996ec138-e785-48b1-94c8,responsibleDepartment,artcollection
collectionobjects,/collectionobjects/faa28c31-c679-440e-9cd8,responsibleDepartment,artcollection
collectionobjects,/collectionobjects/4f0501b4-98f1-46c5-bb4c,responsibleDepartment,artcollection
collectionobjects,/collectionobjects/f83db215-8b41-4b1a-865c,responsibleDepartment,artcollection
collectionobjects,/collectionobjects/6e74ac84-0b06-41ec-aeaa,responsibleDepartment,artcollection
collectionobjects,/collectionobjects/c54e3d45-e26c-414c-96fc,responsibleDepartment,artcollection
collectionobjects,/collectionobjects/622f5fc0-87d5-40a0-937e,responsibleDepartment,artcollection
collectionobjects,/collectionobjects/b10bd054-4683-4d47-ba78,responsibleDepartment,artcollection
collectionobjects,/collectionobjects/e7667910-c981-43eb-86d2,responsibleDepartment,artcollection
collectionobjects,/collectionobjects/44a7a5cb-7e99-41b5-bf50,responsibleDepartment,artcollection
collectionobjects,/collectionobjects/4d38a7d7-f7e2-4579-a4fa,responsibleDepartment,artcollection
collectionobjects,/collectionobjects/43f4d5ca-125c-4d8a-b8f4,responsibleDepartment,artcollection
collectionobjects,/collectionobjects/09dec729-500c-4684-86d9,responsibleDepartment,artcollection
collectionobjects,/collectionobjects/bf404ba0-2c87-4d34-b834,responsibleDepartment,artcollection
collectionobjects,/collectionobjects/97916cc4-5026-4ff2-924c,responsibleDepartment,artcollection
collectionobjects,/collectionobjects/f4f01308-2fae-4a71-8128,responsibleDepartment,artcollection
collectionobjects,/collectionobjects/7698b364-833c-465e-b2af,responsibleDepartment,artcollection
collectionobjects,/collectionobjects/588263e1-b77f-4519-b4bd,responsibleDepartment,artcollection
collectionobjects,/collectionobjects/bfa1e3bd-d729-49e9-8550,responsibleDepartment,artcollection
collectionobjects,/collectionobjects/3b38a79c-bb75-43bc-94dd,responsibleDepartment,artcollection
collectionobjects,/collectionobjects/3f83576d-02b0-4342-9d51,responsibleDepartment,artcollection
collectionobjects,/collectionobjects/85ce5f71-f810-41f0-b8cc,responsibleDepartment,artcollection
collectionobjects,/collectionobjects/a252c7b4-3111-4200-aae8,responsibleDepartment,artcollection
collectionobjects,/collectionobjects/702bf4a5-69ae-4882-8bc1,responsibleDepartment,artcollection
collectionobjects,/collectionobjects/065d51dc-ec56-4370-878b,responsibleDepartment,artcollection
collectionobjects,/collectionobjects/cd0eccac-0145-487b-8912,responsibleDepartment,artcollection
collectionobjects,/collectionobjects/87178537-79d9-4fa3-b7d3,responsibleDepartment,artcollection
collectionobjects,/collectionobjects/2b9640d9-5a82-40b9-8a85,responsibleDepartment,artcollection
collectionobjects,/collectionobjects/1766c3ed-da80-4939-add3,responsibleDepartment,artcollection
collectionobjects,/collectionobjects/c8a03501-aba5-4c98-857c,responsibleDepartment,artcollection
collectionobjects,/collectionobjects/4f7ea9f0-de23-4df7-ad9e,responsibleDepartment,artcollection
collectionobjects,/collectionobjects/55135f77-e488-4a60-a11c,responsibleDepartment,artcollection
collectionobjects,/collectionobjects/327bac4b-36a1-47e8-95c0,responsibleDepartment,artcollection
collectionobjects,/collectionobjects/582cfcfb-9c10-44b6-90c3,responsibleDepartment,artcollection
collectionobjects,/collectionobjects/9950b5a7-750c-4576-9634,responsibleDepartment,artcollection
collectionobjects,/collectionobjects/c784bd7f-0d27-4711-91b2,responsibleDepartment,artcollection
collectionobjects,/collectionobjects/9a9cf7e0-04f8-4e63-bafa,responsibleDepartment,artcollection
collectionobjects,/collectionobjects/bd256ac3-b1f1-49fe-ad62,responsibleDepartment,artcollection
collectionobjects,/collectionobjects/b1d90818-3bf8-458d-b2dc,responsibleDepartment,artcollection
collectionobjects,/collectionobjects/de913fe3-6a04-41a6-bd8c,responsibleDepartment,artcollection
collectionobjects,/collectionobjects/f2a3f24d-cb5e-4aa8-8451,responsibleDepartment,artcollection
collectionobjects,/collectionobjects/ab263abf-6a41-4a78-a725,responsibleDepartment,artcollection
collectionobjects,/collectionobjects/f6458331-0cd1-4bec-9595,responsibleDepartment,artcollection
collectionobjects,/collectionobjects/3dbf0174-927c-4bc4-a8e7,responsibleDepartment,artcollection
collectionobjects,/collectionobjects/3fda7ce4-46fd-4cab-b26c,responsibleDepartment,artcollection
collectionobjects,/collectionobjects/423a0d93-dfd1-4284-b3d0,responsibleDepartment,artcollection
collectionobjects,/collectionobjects/f5d973a1-51e8-4b3f-aa8b,responsibleDepartment,artcollection
collectionobjects,/collectionobjects/55abc071-82d9-42d2-a00d,responsibleDepartment,artcollection
collectionobjects,/collectionobjects/9e5e2a19-1c42-4a5f-8433,responsibleDepartment,artcollection
collectionobjects,/collectionobjects/9d5a4ee6-14c0-4db7-998b,responsibleDepartment,artcollection
collectionobjects,/collectionobjects/b0d4a8b7-d9c5-45fe-bfc0,responsibleDepartment,artcollection
collectionobjects,/collectionobjects/ec407771-83f9-464a-bf1c,responsibleDepartment,artcollection
collectionobjects,/collectionobjects/80713386-9095-4318-847f,responsibleDepartment,artcollection
collectionobjects,/collectionobjects/6a8ac808-651d-4048-a0fd,responsibleDepartment,artcollection
collectionobjects,/collectionobjects/2a225b4e-7b35-4a18-9e54,responsibleDepartment,artcollection
collectionobjects,/collectionobjects/e4c6e002-5009-45c3-9677,responsibleDepartment,artcollection
collectionobjects,/collectionobjects/2246e298-5960-4a31-9325,responsibleDepartment,artcollection
collectionobjects,/collectionobjects/97791dc5-039a-4aa0-8594,responsibleDepartment,artcollection
collectionobjects,/collectionobjects/9b28a964-20fc-439d-854a,responsibleDepartment,artcollection
collectionobjects,/collectionobjects/49d8e044-2272-454e-aa0c,responsibleDepartment,artcollection
collectionobjects,/collectionobjects/06b165fd-e656-4b6b-bb3c,responsibleDepartment,artcollection
collectionobjects,/collectionobjects/74df4f33-80fc-4c12-8864,responsibleDepartment,artcollection
collectionobjects,/collectionobjects/23a7ef9c-96e2-4dc7-9958,responsibleDepartment,artcollection
collectionobjects,/collectionobjects/71145392-030f-43ea-b907,responsibleDepartment,artcollection
collectionobjects,/collectionobjects/6431f88b-fa6e-48e9-aa21,responsibleDepartment,artcollection
collectionobjects,/collectionobjects/8e143344-04b7-49f3-beda,responsibleDepartment,artcollection
collectionobjects,/collectionobjects/1f36aaae-475f-474e-9db2,responsibleDepartment,artcollection
collectionobjects,/collectionobjects/c96feb69-5158-4fb3-a2e6,responsibleDepartment,artcollection
collectionobjects,/collectionobjects/d9a3eb9d-3ce5-4df5-804c,responsibleDepartment,artcollection
collectionobjects,/collectionobjects/3d12e3eb-4edc-49a8-be08,responsibleDepartment,artcollection
collectionobjects,/collectionobjects/73969e79-a416-431a-9f2c,responsibleDepartment,artcollection
collectionobjects,/collectionobjects/ff49e026-5e0f-467d-b570,responsibleDepartment,artcollection
collectionobjects,/collectionobjects/6325d3f8-2652-4dfa-a226,responsibleDepartment,artcollection
collectionobjects,/collectionobjects/10853116-70bb-4c55-9577,responsibleDepartment,artcollection
collectionobjects,/collectionobjects/06cfef1a-3b6d-46d8-b91b,responsibleDepartment,artcollection
collectionobjects,/collectionobjects/e5623da8-e836-43d8-ae54,responsibleDepartment,artcollection
collectionobjects,/collectionobjects/28db6a61-e194-444f-86b6,responsibleDepartment,artcollection
collectionobjects,/collectionobjects/3e99d9ba-5f2f-4c52-9752,responsibleDepartment,artcollection
collectionobjects,/collectionobjects/8ce3d67a-ff33-49cb-8d50,responsibleDepartment,artcollection
collectionobjects,/collectionobjects/19a4e327-d65a-4dd1-870e,responsibleDepartment,artcollection
collectionobjects,/collectionobjects/4fb1f486-1a65-4d3e-9f27,responsibleDepartment,artcollection
collectionobjects,/collectionobjects/c531b7ad-b80a-45a9-829a,responsibleDepartment,artcollection
collectionobjects,/collectionobjects/660fdeaa-a9d1-4d5c-abaf,responsibleDepartment,artcollection
collectionobjects,/collectionobjects/53d1cc76-d89d-48bc-8cbf,responsibleDepartment,artcollection
collectionobjects,/collectionobjects/d702fedf-22b3-4f59-ae1e,responsibleDepartment,artcollection
collectionobjects,/collectionobjects/22e77d16-8589-403a-a2fd,responsibleDepartment,artcollection
collectionobjects,/collectionobjects/ce8e2aac-ab85-4604-b7a9,responsibleDepartment,artcollection
collectionobjects,/collectionobjects/423a30ec-9960-45c8-bbc0,responsibleDepartment,artcollection
collectionobjects,/collectionobjects/f78046ab-3e8e-4f0d-83b6,responsibleDepartment,artcollection
collectionobjects,/collectionobjects/090b0016-8787-471b-a01f,responsibleDepartment,artcollection
collectionobjects,/collectionobjects/a04d96ca-736a-40b2-b5af,responsibleDepartment,artcollection
collectionobjects,/collectionobjects/9dbf64ef-4f14-485f-9200,responsibleDepartment,artcollection
collectionobjects,/collectionobjects/898b7975-7da0-4cea-be62,responsibleDepartment,artcollection
collectionobjects,/collectionobjects/dc221f0f-3d4f-4742-8ce6,responsibleDepartment,artcollection
collectionobjects,/collectionobjects/35437678-507e-4667-aa24,responsibleDepartment,artcollection
collectionobjects,/collectionobjects/51a0f174-b9da-40d5-86b8,responsibleDepartment,artcollection
collectionobjects,/collectionobjects/4713c9e6-fb5c-40a5-a421,responsibleDepartment,artcollection
collectionobjects,/collectionobjects/a97d4535-97bd-4f7f-a747,responsibleDepartment,artcollection
collectionobjects,/collectionobjects/0fe4bd54-1c9a-41d7-b21c,responsibleDepartment,artcollection
collectionobjects,/collectionobjects/7b93d821-db22-44fa-a1e0,responsibleDepartment,artcollection
collectionobjects,/collectionobjects/ab1b2d0a-bfd6-4c3e-91d5,responsibleDepartment,artcollection
collectionobjects,/collectionobjects/6b415858-dd66-4a76-b5c0,responsibleDepartment,artcollection
collectionobjects,/collectionobjects/5d5646ab-fab0-4d1d-b8d0,responsibleDepartment,artcollection
collectionobjects,/collectionobjects/8a15da44-78f3-4450-80b3,responsibleDepartment,artcollection
collectionobjects,/collectionobjects/4c7703b8-d356-4379-8a7b,responsibleDepartment,artcollection
collectionobjects,/collectionobjects/7959b4d4-b07f-48e9-b9e1,responsibleDepartment,artcollection
collectionobjects,/collectionobjects/3a832966-7556-4b38-80c7,responsibleDepartment,artcollection
collectionobjects,/collectionobjects/1ad5006e-6577-4736-83f3,responsibleDepartment,artcollection
collectionobjects,/collectionobjects/701f0dc2-0ee5-499a-83e0,responsibleDepartment,artcollection
collectionobjects,/collectionobjects/ea9d3947-0c5e-4c9d-952b,responsibleDepartment,artcollection
collectionobjects,/collectionobjects/c9916b35-d7ef-40ce-8b88,responsibleDepartment,artcollection
collectionobjects,/collectionobjects/70c14b3f-d8d5-4397-8672,responsibleDepartment,artcollection
collectionobjects,/collectionobjects/932fb25f-d33e-409d-aabb,responsibleDepartment,artcollection
collectionobjects,/collectionobjects/3bf17c52-ba03-43f6-a40a,responsibleDepartment,artcollection
collectionobjects,/collectionobjects/3b581a2a-b1e4-4161-b42f,responsibleDepartment,artcollection
collectionobjects,/collectionobjects/643e8aea-c036-4659-9658,responsibleDepartment,artcollection
collectionobjects,/collectionobjects/bbe12a84-c4f0-4e95-8693,responsibleDepartment,artcollection
collectionobjects,/collectionobjects/4a2596ce-03e4-4ebe-b7f0,responsibleDepartment,artcollection
collectionobjects,/collectionobjects/f8894e51-b491-4d89-b707,responsibleDepartment,artcollection
collectionobjects,/collectionobjects/5258290c-6931-4ce6-b73c,responsibleDepartment,artcollection
collectionobjects,/collectionobjects/df704df6-d9c9-4f32-984a,responsibleDepartment,artcollection
collectionobjects,/collectionobjects/d496fd35-2289-45c6-b4b5,responsibleDepartment,artcollection
collectionobjects,/collectionobjects/7915750e-1915-49ae-9586,responsibleDepartment,artcollection
collectionobjects,/collectionobjects/44e81568-4c0b-45e4-9aa0,responsibleDepartment,artcollection
collectionobjects,/collectionobjects/ab37888b-329c-4d45-bdec,responsibleDepartment,artcollection
collectionobjects,/collectionobjects/b2dbeea7-63a3-405d-aee6,responsibleDepartment,artcollection
collectionobjects,/collectionobjects/7055b7cc-8f27-433e-9e03,responsibleDepartment,artcollection
collectionobjects,/collectionobjects/b549da7c-1bc2-47ed-8c23,responsibleDepartment,artcollection
collectionobjects,/collectionobjects/b4e8e5c5-0322-4104-b5b9,responsibleDepartment,artcollection
collectionobjects,/collectionobjects/e122787a-caf4-4b2f-a678,responsibleDepartment,artcollection
collectionobjects,/collectionobjects/4ccdc76f-8723-4bfe-ace9,responsibleDepartment,artcollection
collectionobjects,/collectionobjects/e5dc729f-9753-457d-aeac,responsibleDepartment,artcollection
collectionobjects,/collectionobjects/aa4c9349-a889-4d6f-853e,responsibleDepartment,artcollection
collectionobjects,/collectionobjects/ac9a9cbb-2723-4fcb-a9bc,responsibleDepartment,artcollection
collectionobjects,/collectionobjects/d6917a80-94bf-4086-b991,responsibleDepartment,artcollection
collectionobjects,/collectionobjects/6bb0fd26-4ccc-4aaf-9c2c,responsibleDepartment,artcollection
collectionobjects,/collectionobjects/e7c1e912-f014-4154-b224,responsibleDepartment,artcollection
collectionobjects,/collectionobjects/f74a1694-e513-432b-8946,responsibleDepartment,artcollection
collectionobjects,/collectionobjects/880a43d5-81e1-4d3c-a093,responsibleDepartment,artcollection
collectionobjects,/collectionobjects/daeafe0e-0a8f-4328-ac99,responsibleDepartment,artcollection
collectionobjects,/collectionobjects/04930368-ac32-4d62-ac81,responsibleDepartment,artcollection
collectionobjects,/collectionobjects/42cf2bf6-1f07-440f-8564,responsibleDepartment,artcollection
collectionobjects,/collectionobjects/32733c79-7320-4d4d-b6c1,responsibleDepartment,artcollection
collectionobjects,/collectionobjects/a72fe9c9-97e6-4b59-b566,responsibleDepartment,artcollection
collectionobjects,/collectionobjects/902c48fd-3de6-4be2-8d18,responsibleDepartment,artcollection
collectionobjects,/collectionobjects/b7fb1259-48fd-4403-8366,responsibleDepartment,artcollection
collectionobjects,/collectionobjects/5b91d1d6-167d-44dd-8f67,responsibleDepartment,artcollection
collectionobjects,/collectionobjects/c7bed780-5b2d-49e6-9824,responsibleDepartment,artcollection
collectionobjects,/collectionobjects/fd5e435e-064f-44ee-8ac6,responsibleDepartment,artcollection
collectionobjects,/collectionobjects/13d85e82-a331-4393-8a74,responsibleDepartment,artcollection
collectionobjects,/collectionobjects/b6600875-9bab-4ef7-ae81,responsibleDepartment,artcollection
collectionobjects,/collectionobjects/edef214c-2291-468f-ba8d,responsibleDepartment,artcollection
collectionobjects,/collectionobjects/28599cad-8e80-49ef-9b82,responsibleDepartment,artcollection
collectionobjects,/collectionobjects/0db766ec-fd6b-482d-b08a,responsibleDepartment,artcollection
collectionobjects,/collectionobjects/7cf12260-565b-4873-9816,responsibleDepartment,artcollection
collectionobjects,/collectionobjects/28400382-e637-4bfd-914f,responsibleDepartment,artcollection
collectionobjects,/collectionobjects/acc4ff17-f6b2-4742-a255,responsibleDepartment,artcollection
collectionobjects,/collectionobjects/c3a7c634-676e-4a8a-99c4,responsibleDepartment,artcollection
collectionobjects,/collectionobjects/64b62397-ca01-481c-9db1,responsibleDepartment,artcollection
collectionobjects,/collectionobjects/0fc93c84-c507-4f6d-a930,responsibleDepartment,artcollection
collectionobjects,/collectionobjects/2b0c5d02-19ad-441c-acb5,responsibleDepartment,artcollection
collectionobjects,/collectionobjects/c117e7d8-9ab5-4d28-9d78,responsibleDepartment,artcollection
collectionobjects,/collectionobjects/dbc1f4be-06f4-4ca6-a5c7,responsibleDepartment,artcollection
collectionobjects,/collectionobjects/deafeb58-7c92-4938-a74e,responsibleDepartment,artcollection
collectionobjects,/collectionobjects/96d2cb27-eae1-4e0d-a9c5,responsibleDepartment,artcollection
collectionobjects,/collectionobjects/97dea030-c2d7-4c23-b374,responsibleDepartment,artcollection
collectionobjects,/collectionobjects/a3615013-2f36-40cc-b7fa,responsibleDepartment,artcollection
collectionobjects,/collectionobjects/0ad6aa80-0ad2-4e22-9f21,responsibleDepartment,artcollection
collectionobjects,/collectionobjects/78135ee6-e34c-4430-8d26,responsibleDepartment,artcollection
collectionobjects,/collectionobjects/da270f2d-ca27-4466-b7f4,responsibleDepartment,artcollection
collectionobjects,/collectionobjects/6b138cd3-b092-4363-a888,responsibleDepartment,artcollection
collectionobjects,/collectionobjects/aa77196e-c9c8-4425-93eb,responsibleDepartment,artcollection
collectionobjects,/collectionobjects/b28b0ad8-fbf4-432b-8ab4,responsibleDepartment,artcollection
collectionobjects,/collectionobjects/49ba8efa-120a-433d-877a,responsibleDepartment,artcollection
collectionobjects,/collectionobjects/ee3616d5-8a65-4376-9224,responsibleDepartment,artcollection
collectionobjects,/collectionobjects/183c2f80-40a2-4d6d-b6cb,responsibleDepartment,artcollection
collectionobjects,/collectionobjects/d09301e7-34e2-4fa8-99b0,responsibleDepartment,artcollection
collectionobjects,/collectionobjects/384382e2-0bed-4f15-a278,responsibleDepartment,artcollection
collectionobjects,/collectionobjects/c44f6fc9-69d5-4909-8a76,responsibleDepartment,artcollection
collectionobjects,/collectionobjects/2924db4a-7a06-457b-8394,responsibleDepartment,artcollection
collectionobjects,/collectionobjects/8ab2bc71-9a24-49d0-995a,responsibleDepartment,artcollection
collectionobjects,/collectionobjects/434fdcad-6b5c-481d-8fb4,responsibleDepartment,artcollection
collectionobjects,/collectionobjects/40046a8b-bec1-4af3-bdb3,responsibleDepartment,artcollection
collectionobjects,/collectionobjects/3c3680f2-22a2-4066-a734,responsibleDepartment,artcollection
collectionobjects,/collectionobjects/982e1a94-cc48-47ec-bbeb,responsibleDepartment,artcollection
collectionobjects,/collectionobjects/4d180435-afb0-4c34-b8a7,responsibleDepartment,artcollection
collectionobjects,/collectionobjects/34f1666b-c05c-4000-aecf,responsibleDepartment,artcollection
collectionobjects,/collectionobjects/cec8c3bc-7878-4b9c-8511,responsibleDepartment,artcollection
collectionobjects,/collectionobjects/c23ef9e4-5735-4fdc-847b,responsibleDepartment,artcollection
collectionobjects,/collectionobjects/f5eb82c1-eec9-4b84-b7b3,responsibleDepartment,artcollection
collectionobjects,/collectionobjects/e285c2f0-6249-4f2f-b5b3,responsibleDepartment,artcollection
collectionobjects,/collectionobjects/ee32543d-7467-4609-9e96,responsibleDepartment,artcollection
collectionobjects,/collectionobjects/87da768f-5c56-4e96-9a00,responsibleDepartment,artcollection
collectionobjects,/collectionobjects/f78a73a0-3ef5-438d-8de6,responsibleDepartment,artcollection
collectionobjects,/collectionobjects/f513f50f-f45b-4ce7-9334,responsibleDepartment,artcollection
collectionobjects,/collectionobjects/3c2b9c6e-480b-4c01-b8f4,responsibleDepartment,artcollection
collectionobjects,/collectionobjects/61fe1963-37a4-46c1-840d,responsibleDepartment,artcollection
collectionobjects,/collectionobjects/8d7aef53-631c-44c4-95d2,responsibleDepartment,artcollection
collectionobjects,/collectionobjects/1ed7df1a-599c-4c27-9482,responsibleDepartment,artcollection
collectionobjects,/collectionobjects/fee2f450-c9c4-49ec-b67b,responsibleDepartment,artcollection
collectionobjects,/collectionobjects/7fcb3109-c063-44f0-8882,responsibleDepartment,artcollection
collectionobjects,/collectionobjects/f09e0218-16b4-4f84-be12,responsibleDepartment,artcollection
collectionobjects,/collectionobjects/72b70476-75f8-46ab-96c2,responsibleDepartment,artcollection
collectionobjects,/collectionobjects/7c1277de-4342-49c5-845e,responsibleDepartment,artcollection
collectionobjects,/collectionobjects/a65b7cfd-4acc-4407-aa2e,responsibleDepartment,artcollection
collectionobjects,/collectionobjects/ba97768d-a23c-448c-8444,responsibleDepartment,artcollection
collectionobjects,/collectionobjects/b5794802-0d24-40da-9ee1,responsibleDepartment,artcollection
collectionobjects,/collectionobjects/12c55bd6-d748-42c8-9b3d,responsibleDepartment,artcollection
collectionobjects,/collectionobjects/88be0c33-18ba-4213-afcf,responsibleDepartment,artcollection
collectionobjects,/collectionobjects/fd8f639e-76e1-4e9a-9e6e,responsibleDepartment,artcollection
collectionobjects,/collectionobjects/9e203b0e-fbf2-4bd3-8342,responsibleDepartment,artcollection
collectionobjects,/collectionobjects/5a927945-013e-41ca-b144,responsibleDepartment,artcollection
collectionobjects,/collectionobjects/d4cc2700-9e9d-4e0f-ab91,responsibleDepartment,artcollection
collectionobjects,/collectionobjects/c9ef0dc3-c289-49b2-a489,responsibleDepartment,artcollection
collectionobjects,/collectionobjects/060c9413-85d2-49e3-b754,responsibleDepartment,artcollection
collectionobjects,/collectionobjects/4731be58-a4a5-4f99-bd09,responsibleDepartment,artcollection
collectionobjects,/collectionobjects/ebfac441-19c1-4898-8c2d,responsibleDepartment,artcollection
collectionobjects,/collectionobjects/f914305e-2d70-4f12-a1f9,responsibleDepartment,artcollection
collectionobjects,/collectionobjects/ab83a3a8-50e2-4710-ab7f,responsibleDepartment,artcollection
collectionobjects,/collectionobjects/30c564b8-3bec-43df-a2a3,responsibleDepartment,artcollection
collectionobjects,/collectionobjects/d5e21439-88ae-4d7f-bf98,responsibleDepartment,artcollection
collectionobjects,/collectionobjects/5dde4783-fbd2-47e0-b8ed,responsibleDepartment,artcollection
collectionobjects,/collectionobjects/29dd5e3f-d64b-4939-8261,responsibleDepartment,artcollection
collectionobjects,/collectionobjects/f1fb99d0-373f-42bb-a454,responsibleDepartment,artcollection
collectionobjects,/collectionobjects/04f8ab90-4113-4937-8513,responsibleDepartment,artcollection
collectionobjects,/collectionobjects/5fde30de-e9c8-4602-af73,responsibleDepartment,artcollection
collectionobjects,/collectionobjects/9bd1d894-5a3b-409f-8a6f,responsibleDepartment,artcollection
collectionobjects,/collectionobjects/75ee486d-0c85-4a93-ad9e,responsibleDepartment,artcollection
collectionobjects,/collectionobjects/49a263a2-03c4-4b2e-acd7,responsibleDepartment,artcollection
collectionobjects,/collectionobjects/77358c2a-e17a-471d-9a75,responsibleDepartment,artcollection
collectionobjects,/collectionobjects/d6db8ad6-fd44-46f2-8f69,responsibleDepartment,artcollection
collectionobjects,/collectionobjects/55a3e48a-186f-4547-ac3d,responsibleDepartment,artcollection
collectionobjects,/collectionobjects/74161d85-9e7f-4320-8abb,responsibleDepartment,artcollection
collectionobjects,/collectionobjects/c8aa12e1-f1e5-46a3-9be4,responsibleDepartment,artcollection
collectionobjects,/collectionobjects/61d5b66a-43b4-4602-9b4f,responsibleDepartment,artcollection
collectionobjects,/collectionobjects/f1cd6779-fc5e-48f0-bfe4,responsibleDepartment,artcollection
collectionobjects,/collectionobjects/4814f9f2-9587-4a5e-81b5,responsibleDepartment,artcollection
collectionobjects,/collectionobjects/602fc756-0c5b-42ef-a6c7,responsibleDepartment,artcollection
collectionobjects,/collectionobjects/51614c22-0362-4883-b83d,responsibleDepartment,artcollection
collectionobjects,/collectionobjects/88731f04-81e4-49e2-aead,responsibleDepartment,artcollection
collectionobjects,/collectionobjects/c7962d0e-dc89-425b-ae80,responsibleDepartment,artcollection
collectionobjects,/collectionobjects/96735f96-c682-4ff3-bf49,responsibleDepartment,artcollection
collectionobjects,/collectionobjects/aaeb04a8-bc83-45de-abdf,responsibleDepartment,artcollection
collectionobjects,/collectionobjects/7d3ff32c-16a3-400a-91ef,responsibleDepartment,artcollection
collectionobjects,/collectionobjects/5f08e795-7008-4361-a592,responsibleDepartment,artcollection
collectionobjects,/collectionobjects/ee890574-f8fc-475f-aa55,responsibleDepartment,artcollection
collectionobjects,/collectionobjects/d519d039-78e1-497a-ba94,responsibleDepartment,artcollection
collectionobjects,/collectionobjects/54867a47-e3a7-4a04-be4b,responsibleDepartment,artcollection
collectionobjects,/collectionobjects/9d945bff-65a9-403d-b595,responsibleDepartment,artcollection
collectionobjects,/collectionobjects/c79591d4-fff0-4368-ba70,responsibleDepartment,artcollection
collectionobjects,/collectionobjects/3f772d25-2a25-4b54-8a81,responsibleDepartment,artcollection
collectionobjects,/collectionobjects/4b8d7192-21af-4509-b392,responsibleDepartment,artcollection
collectionobjects,/collectionobjects/d9fb0cdc-4267-49ac-bd19,responsibleDepartment,artcollection
collectionobjects,/collectionobjects/2a6bef09-963c-433a-ba7b,responsibleDepartment,artcollection
collectionobjects,/collectionobjects/3b720922-a498-4ccd-b83c,responsibleDepartment,artcollection
collectionobjects,/collectionobjects/b702d1a5-3f58-4395-b613,responsibleDepartment,artcollection
collectionobjects,/collectionobjects/0ea8746b-6247-49fe-8e8f,responsibleDepartment,artcollection
collectionobjects,/collectionobjects/6f28f77a-0211-43a1-becc,responsibleDepartment,artcollection
collectionobjects,/collectionobjects/1209e0a2-873e-4b5a-8e15,responsibleDepartment,artcollection
collectionobjects,/collectionobjects/c6c6b76a-8f11-4a7d-ab4c,responsibleDepartment,artcollection
collectionobjects,/collectionobjects/876471e9-f47e-4376-85af,responsibleDepartment,artcollection
collectionobjects,/collectionobjects/5d1b2766-61fc-41bd-af7d,responsibleDepartment,artcollection
collectionobjects,/collectionobjects/1fb4a33f-6871-4c48-b09c,responsibleDepartment,artcollection
collectionobjects,/collectionobjects/916f3794-0675-480b-a72d,responsibleDepartment,artcollection
collectionobjects,/collectionobjects/5822918f-48ef-45ff-b6d5,responsibleDepartment,artcollection
collectionobjects,/collectionobjects/ca0976d4-888a-4cb4-a3be,responsibleDepartment,artcollection
collectionobjects,/collectionobjects/a36aa23b-d48d-4a2b-b323,responsibleDepartment,artcollection
collectionobjects,/collectionobjects/fbcba881-e1a2-4beb-a98e,responsibleDepartment,artcollection
collectionobjects,/collectionobjects/c2dbe6a7-8218-4683-8c39,responsibleDepartment,artcollection
collectionobjects,/collectionobjects/c6a383af-71f7-46c9-a745,responsibleDepartment,artcollection
collectionobjects,/collectionobjects/cd3fb06c-174e-4120-8d89,responsibleDepartment,artcollection
collectionobjects,/collectionobjects/65f3a39e-53d0-4aa7-9cc8,responsibleDepartment,artcollection
collectionobjects,/collectionobjects/e4bda152-d995-4a1a-b0a7,responsibleDepartment,artcollection
collectionobjects,/collectionobjects/71a1167d-f2af-43c9-9c07,responsibleDepartment,artcollection
collectionobjects,/collectionobjects/796a68b2-d02a-4e58-958e,responsibleDepartment,artcollection
collectionobjects,/collectionobjects/a3b4f90d-a4b0-4e97-ab48,responsibleDepartment,artcollection
collectionobjects,/collectionobjects/3808d232-f5a3-4b45-9bbe,responsibleDepartment,artcollection
collectionobjects,/collectionobjects/0566770b-2220-4eaa-87fb,responsibleDepartment,artcollection
collectionobjects,/collectionobjects/b472201f-5dbb-4b1d-9e8b,responsibleDepartment,artcollection
collectionobjects,/collectionobjects/c06623aa-aacc-4213-8ac6,responsibleDepartment,artcollection
collectionobjects,/collectionobjects/880c0f3e-005b-4d55-a33b,responsibleDepartment,artcollection
collectionobjects,/collectionobjects/16aab440-0d15-4111-9abd,responsibleDepartment,artcollection
collectionobjects,/collectionobjects/392986c6-d5bc-4f61-9070,responsibleDepartment,artcollection
collectionobjects,/collectionobjects/a275582f-3239-4659-9180,responsibleDepartment,artcollection
collectionobjects,/collectionobjects/4432fed9-80e3-47fd-8afb,responsibleDepartment,artcollection
collectionobjects,/collectionobjects/b43be6aa-5588-4b1a-835c,responsibleDepartment,artcollection
collectionobjects,/collectionobjects/d29fcf77-a950-44ca-8344,responsibleDepartment,artcollection
collectionobjects,/collectionobjects/d4914473-80a5-450e-8450,responsibleDepartment,artcollection
collectionobjects,/collectionobjects/b94aae32-8ddf-4b92-a1fc,responsibleDepartment,artcollection
collectionobjects,/collectionobjects/f4c919aa-f87a-4564-ad0d,responsibleDepartment,artcollection
collectionobjects,/collectionobjects/eb058f9e-107d-4488-a0c5,responsibleDepartment,artcollection
collectionobjects,/collectionobjects/7b98b55e-87aa-4eb4-960e,responsibleDepartment,artcollection
collectionobjects,/collectionobjects/c9d06abd-addb-4433-a4f2,responsibleDepartment,artcollection
collectionobjects,/collectionobjects/3ce7d0c1-16fa-4ad4-8638,responsibleDepartment,artcollection
collectionobjects,/collectionobjects/cc16b7f2-8a7b-4f9e-8fda,responsibleDepartment,artcollection
collectionobjects,/collectionobjects/c6942e83-b2c5-47be-a4c9,responsibleDepartment,artcollection
collectionobjects,/collectionobjects/1119d0bb-9fe1-42fa-94bc,responsibleDepartment,artcollection
collectionobjects,/collectionobjects/edf73d34-5120-42d5-bd74,responsibleDepartment,artcollection
collectionobjects,/collectionobjects/730e3689-72b3-4869-877a,responsibleDepartment,artcollection
collectionobjects,/collectionobjects/2922db12-c079-4e60-8aee,responsibleDepartment,artcollection
collectionobjects,/collectionobjects/7e8e1e2d-63c4-4332-b471,responsibleDepartment,artcollection
collectionobjects,/collectionobjects/75cc4582-d63b-4fdd-aabd,responsibleDepartment,artcollection
collectionobjects,/collectionobjects/6a8984a3-106c-4489-a618,responsibleDepartment,artcollection
collectionobjects,/collectionobjects/f94d51ae-5304-4589-a441,responsibleDepartment,artcollection
collectionobjects,/collectionobjects/da3d5330-d032-482c-b1e9,responsibleDepartment,artcollection
collectionobjects,/collectionobjects/b0f8caf9-23df-4609-930c,responsibleDepartment,artcollection
collectionobjects,/collectionobjects/c5464224-e9af-4b8b-bac2,responsibleDepartment,artcollection
collectionobjects,/collectionobjects/0f3857c8-ac7d-4055-ad4b,responsibleDepartment,artcollection
collectionobjects,/collectionobjects/e8fe92cb-19e6-4706-a45b,responsibleDepartment,artcollection
collectionobjects,/collectionobjects/e599f71b-59a3-4862-97a2,responsibleDepartment,artcollection
collectionobjects,/collectionobjects/c51fe61d-26f4-4584-afc9,responsibleDepartment,artcollection
collectionobjects,/collectionobjects/7cfcadfb-4a29-4d1c-8387,responsibleDepartment,artcollection
collectionobjects,/collectionobjects/f7cd39cf-4e6b-4d92-835b,responsibleDepartment,artcollection
collectionobjects,/collectionobjects/b52e4ffc-bfca-4239-816e,responsibleDepartment,artcollection
collectionobjects,/collectionobjects/ac94e8d1-0cfa-4a5d-892a,responsibleDepartment,artcollection
collectionobjects,/collectionobjects/79697cdb-fc2c-463b-aff1,responsibleDepartment,artcollection
collectionobjects,/collectionobjects/51f4a44c-b232-43fa-aeab,responsibleDepartment,artcollection
collectionobjects,/collectionobjects/710cc1fd-e7c6-4e46-b9bf,responsibleDepartment,artcollection
collectionobjects,/collectionobjects/35c4956e-2422-4ab7-a83a,responsibleDepartment,artcollection
collectionobjects,/collectionobjects/b52238ee-a208-4799-a3b7,responsibleDepartment,artcollection
collectionobjects,/collectionobjects/812edee6-e716-4cbe-a723,responsibleDepartment,artcollection
collectionobjects,/collectionobjects/94569f12-2855-4c7a-bb1d,responsibleDepartment,artcollection
collectionobjects,/collectionobjects/09828c7a-f035-4f34-be1a,responsibleDepartment,artcollection
collectionobjects,/collectionobjects/00ec4a31-0ee7-4969-83f3,responsibleDepartment,artcollection
collectionobjects,/collectionobjects/3cd03977-9ede-4362-b24a,responsibleDepartment,artcollection
collectionobjects,/collectionobjects/ea453a58-f3d3-4282-8fd3,responsibleDepartment,artcollection
collectionobjects,/collectionobjects/b48026a4-9c07-403c-b2bf,responsibleDepartment,artcollection
collectionobjects,/collectionobjects/48c8d96f-ab3e-40f4-95f0,responsibleDepartment,artcollection
collectionobjects,/collectionobjects/b4a25517-d555-4425-8217,responsibleDepartment,artcollection
collectionobjects,/collectionobjects/a6fc618a-b383-4058-8d67,responsibleDepartment,artcollection
collectionobjects,/collectionobjects/e20a9b3b-350b-4b47-b53f,responsibleDepartment,artcollection
collectionobjects,/collectionobjects/24624d1d-9336-47b4-9af3,responsibleDepartment,artcollection
collectionobjects,/collectionobjects/a6ca99da-fce2-4c37-ba61,responsibleDepartment,artcollection
collectionobjects,/collectionobjects/83cc7f10-df66-43ec-ba55,responsibleDepartment,artcollection
collectionobjects,/collectionobjects/50f3a735-6165-4c91-8c3f,responsibleDepartment,artcollection
collectionobjects,/collectionobjects/2a636189-65c4-4a93-8242,responsibleDepartment,artcollection
collectionobjects,/collectionobjects/452acf52-5b6e-4c34-ba48,responsibleDepartment,artcollection
collectionobjects,/collectionobjects/92f64950-a146-48e6-9214,responsibleDepartment,artcollection
collectionobjects,/collectionobjects/6932095f-02d2-4eae-95be,responsibleDepartment,artcollection
collectionobjects,/collectionobjects/be384125-ecfc-488a-ba18,responsibleDepartment,artcollection
collectionobjects,/collectionobjects/4d3591da-3c2c-4dcf-8821,responsibleDepartment,artcollection
collectionobjects,/collectionobjects/4dd5c38a-176e-4e84-9992,responsibleDepartment,artcollection
collectionobjects,/collectionobjects/92e95051-7989-4b26-a785,responsibleDepartment,artcollection
collectionobjects,/collectionobjects/c5015af2-8a60-4bce-9927,responsibleDepartment,artcollection
collectionobjects,/collectionobjects/de3e3a13-c6ee-45c8-953f,responsibleDepartment,artcollection
collectionobjects,/collectionobjects/87e85c3d-ae3f-4fe5-b559,responsibleDepartment,artcollection
collectionobjects,/collectionobjects/853999f4-4115-4fa4-9967,responsibleDepartment,artcollection
collectionobjects,/collectionobjects/92e626da-3851-43f8-bffb,responsibleDepartment,artcollection
collectionobjects,/collectionobjects/ba8fd14e-f69e-4a49-8682,responsibleDepartment,artcollection
collectionobjects,/collectionobjects/ccb198a3-06b9-4a72-abee,responsibleDepartment,artcollection
collectionobjects,/collectionobjects/98756f17-a4ea-4371-b4de,responsibleDepartment,artcollection
collectionobjects,/collectionobjects/841ca9aa-4459-4304-bf55,responsibleDepartment,artcollection
collectionobjects,/collectionobjects/c9a6a773-1121-4d29-ad5e,responsibleDepartment,artcollection
collectionobjects,/collectionobjects/19892524-ee1d-448a-a9b3,responsibleDepartment,artcollection
collectionobjects,/collectionobjects/8ab07212-3bb1-43dc-8330,responsibleDepartment,artcollection
collectionobjects,/collectionobjects/1bf45ea6-8941-40f5-9eda,responsibleDepartment,artcollection
collectionobjects,/collectionobjects/1fae2908-9ffb-4683-8dc1,responsibleDepartment,artcollection
collectionobjects,/collectionobjects/a43dcff0-35e1-4367-8125,responsibleDepartment,artcollection
collectionobjects,/collectionobjects/ce1243c2-6258-4ce7-acd3,responsibleDepartment,artcollection
collectionobjects,/collectionobjects/2c5ebcc0-986f-42ca-a245,responsibleDepartment,artcollection
collectionobjects,/collectionobjects/e740f87b-85ed-4b8e-aaa8,responsibleDepartment,artcollection
collectionobjects,/collectionobjects/3e4851c5-2309-48fc-8904,responsibleDepartment,artcollection
collectionobjects,/collectionobjects/475f419f-2293-4deb-977a,responsibleDepartment,artcollection
collectionobjects,/collectionobjects/88efae9f-6274-4c7a-8afa,responsibleDepartment,artcollection
collectionobjects,/collectionobjects/59fef90b-a97e-47d0-a52b,responsibleDepartment,artcollection
collectionobjects,/collectionobjects/8287760e-ffc3-4e2d-81fe,responsibleDepartment,artcollection
collectionobjects,/collectionobjects/f40eb3cf-b023-4482-9a5b,responsibleDepartment,artcollection
collectionobjects,/collectionobjects/82a4689b-abbb-44d2-903d,responsibleDepartment,artcollection
collectionobjects,/collectionobjects/7261fc19-98c5-43fa-8fd2,responsibleDepartment,artcollection
collectionobjects,/collectionobjects/3836e7f0-8775-44b7-b738,responsibleDepartment,artcollection
collectionobjects,/collectionobjects/5cdddcd8-1fa7-4ec5-a4f9,responsibleDepartment,artcollection
collectionobjects,/collectionobjects/9ebc2a4c-2406-40f0-8fad,responsibleDepartment,artcollection
collectionobjects,/collectionobjects/735237e4-cc6f-4d1c-b1d5,responsibleDepartment,artcollection
collectionobjects,/collectionobjects/9b3c1b4d-4680-4a1c-b936,responsibleDepartment,artcollection
collectionobjects,/collectionobjects/0f300886-d27f-42ac-922f,responsibleDepartment,artcollection
collectionobjects,/collectionobjects/88db66e5-448f-4199-b70f,responsibleDepartment,artcollection
collectionobjects,/collectionobjects/a9544516-96f5-4473-a663,responsibleDepartment,artcollection
collectionobjects,/collectionobjects/b9ea6dce-b0ce-4aab-8b45,responsibleDepartment,artcollection
collectionobjects,/collectionobjects/991e6f45-4bc5-4ca1-984f,responsibleDepartment,artcollection
collectionobjects,/collectionobjects/bd48a494-a310-4130-b96d,responsibleDepartment,artcollection
collectionobjects,/collectionobjects/e95e57d7-a5aa-4772-9295,responsibleDepartment,artcollection
collectionobjects,/collectionobjects/2f6a8d51-26e5-40bc-9cb8,responsibleDepartment,artcollection
collectionobjects,/collectionobjects/dea0b41a-ed54-4ec0-929b,responsibleDepartment,artcollection
collectionobjects,/collectionobjects/b875a8f2-0bb3-4a1f-9c6f,responsibleDepartment,artcollection
collectionobjects,/collectionobjects/38458602-4ed0-4091-b380,responsibleDepartment,artcollection
collectionobjects,/collectionobjects/741b2ff5-8ae5-4c52-bcc4,responsibleDepartment,artcollection
collectionobjects,/collectionobjects/3612b217-1408-4fc0-b244,responsibleDepartment,artcollection
collectionobjects,/collectionobjects/355cbc17-bcce-408f-a488,responsibleDepartment,artcollection
collectionobjects,/collectionobjects/98f1d9e3-0f90-48c4-b259,responsibleDepartment,artcollection
collectionobjects,/collectionobjects/5203af01-4aea-4c87-94ea,responsibleDepartment,artcollection
collectionobjects,/collectionobjects/875d0b24-ec98-4387-baad,responsibleDepartment,artcollection
collectionobjects,/collectionobjects/fcfb75e5-2449-4a1b-b5d7,responsibleDepartment,artcollection
collectionobjects,/collectionobjects/a278c789-1216-4c04-9ac9,responsibleDepartment,artcollection
collectionobjects,/collectionobjects/235f1c3b-35ce-4129-a0e2,responsibleDepartment,artcollection
collectionobjects,/collectionobjects/89c4c4d6-d186-41a0-a271,responsibleDepartment,artcollection
collectionobjects,/collectionobjects/8249e1f9-7fb1-4975-8e10,responsibleDepartment,artcollection
collectionobjects,/collectionobjects/37df10f4-7721-498e-9c97,responsibleDepartment,artcollection
collectionobjects,/collectionobjects/ebee5131-4aca-4579-93ec,responsibleDepartment,artcollection
collectionobjects,/collectionobjects/1d411fd6-9d64-4008-8a9b,responsibleDepartment,artcollection
collectionobjects,/collectionobjects/afcd7191-1666-4957-b5e2,responsibleDepartment,artcollection
collectionobjects,/collectionobjects/bb9058c6-e929-405f-9cdc,responsibleDepartment,artcollection
collectionobjects,/collectionobjects/158f3143-09fc-4a1f-afb7,responsibleDepartment,artcollection
collectionobjects,/collectionobjects/09ee612a-7769-4f43-bfa0,responsibleDepartment,artcollection
collectionobjects,/collectionobjects/79059c4b-41d5-4bcd-95ea,responsibleDepartment,artcollection
collectionobjects,/collectionobjects/1aea1e8e-58a0-4013-9aad,responsibleDepartment,artcollection
collectionobjects,/collectionobjects/baaa453b-e424-4c77-99de,responsibleDepartment,artcollection
collectionobjects,/collectionobjects/71794d71-0231-4a1e-8f29,responsibleDepartment,artcollection
collectionobjects,/collectionobjects/dec1c928-0067-4394-beca,responsibleDepartment,artcollection
collectionobjects,/collectionobjects/07577ed3-e238-4f74-b4ad,responsibleDepartment,artcollection
collectionobjects,/collectionobjects/12a75243-11a7-44ba-af61,responsibleDepartment,artcollection
collectionobjects,/collectionobjects/f523c2be-d6cd-46dc-8962,responsibleDepartment,artcollection
collectionobjects,/collectionobjects/e4b39b9f-356f-48ab-82d1,responsibleDepartment,artcollection
collectionobjects,/collectionobjects/bcf9794b-4611-42ca-9529,responsibleDepartment,artcollection
collectionobjects,/collectionobjects/b715a75b-7eaa-4c21-b8da,responsibleDepartment,artcollection
collectionobjects,/collectionobjects/ceae1915-74cf-426a-be1a,responsibleDepartment,artcollection
collectionobjects,/collectionobjects/74ce9bfb-4fc7-4af9-9ee7,responsibleDepartment,artcollection
collectionobjects,/collectionobjects/f3f8b16c-ed75-4bfd-8d86,responsibleDepartment,artcollection
collectionobjects,/collectionobjects/fb66439d-2c9a-47a4-8deb,responsibleDepartment,artcollection
collectionobjects,/collectionobjects/9e76e0b0-beae-4bff-bf95,responsibleDepartment,artcollection
collectionobjects,/collectionobjects/ff5e53d1-143b-40d0-a577,responsibleDepartment,artcollection
collectionobjects,/collectionobjects/bb5cc202-2c79-439d-940e,responsibleDepartment,artcollection
collectionobjects,/collectionobjects/59a19802-6617-41cd-bc1e,responsibleDepartment,artcollection
collectionobjects,/collectionobjects/c1009d16-6e48-4c44-99c6,responsibleDepartment,artcollection
collectionobjects,/collectionobjects/8ae2ec51-c650-4baf-82b3,responsibleDepartment,artcollection
collectionobjects,/collectionobjects/6e0da9ea-7fc6-4122-82de,responsibleDepartment,artcollection
collectionobjects,/collectionobjects/91994e6c-8ebe-450c-8a85,responsibleDepartment,artcollection
collectionobjects,/collectionobjects/f10e6067-744a-4250-85d6,responsibleDepartment,artcollection
collectionobjects,/collectionobjects/bcacb502-6242-4cd3-8b62,responsibleDepartment,artcollection
collectionobjects,/collectionobjects/34cdc4da-fd5d-48c2-8d92,responsibleDepartment,artcollection
collectionobjects,/collectionobjects/67746487-7f30-470e-a41c,responsibleDepartment,artcollection
collectionobjects,/collectionobjects/578746c2-99eb-4a77-9df8,responsibleDepartment,artcollection
collectionobjects,/collectionobjects/ddcb9079-fd32-4510-9887,responsibleDepartment,artcollection
collectionobjects,/collectionobjects/8c7616f3-9c19-4b6c-a7cf,responsibleDepartment,artcollection
collectionobjects,/collectionobjects/67d62023-145d-40c0-826b,responsibleDepartment,artcollection
collectionobjects,/collectionobjects/9c0cc47a-b96f-458b-b33a,responsibleDepartment,artcollection
collectionobjects,/collectionobjects/1e46c005-8ce2-4c5c-95d9,responsibleDepartment,artcollection
collectionobjects,/collectionobjects/577af462-086f-44c6-af77,responsibleDepartment,artcollection
collectionobjects,/collectionobjects/66b6d95e-e5fd-4eb4-95cd,responsibleDepartment,artcollection
collectionobjects,/collectionobjects/c857a311-d285-4652-8fd9,responsibleDepartment,artcollection
collectionobjects,/collectionobjects/ce888d06-60f9-4830-8a20,responsibleDepartment,artcollection
collectionobjects,/collectionobjects/7f957f67-74e2-4132-8f5c,responsibleDepartment,artcollection
collectionobjects,/collectionobjects/44edecff-2a4d-4f59-aeec,responsibleDepartment,artcollection
collectionobjects,/collectionobjects/b6646c6b-7b87-4205-b134,responsibleDepartment,artcollection
collectionobjects,/collectionobjects/cc011575-ee33-42b2-b93e,responsibleDepartment,artcollection
collectionobjects,/collectionobjects/7d91317b-51fb-4a2c-8e83,responsibleDepartment,artcollection
collectionobjects,/collectionobjects/0cafc5ee-fbbd-425f-b87a,responsibleDepartment,artcollection
collectionobjects,/collectionobjects/f21f6f61-5518-4ae4-8cbe,responsibleDepartment,artcollection
collectionobjects,/collectionobjects/6d2be54d-8d7d-4239-b4ca,responsibleDepartment,artcollection
collectionobjects,/collectionobjects/21bebe54-ffaf-4ba0-8d32,responsibleDepartment,artcollection
collectionobjects,/collectionobjects/cb836d9a-66a5-49d0-b36c,responsibleDepartment,artcollection
collectionobjects,/collectionobjects/b6b4cbcc-459d-489c-8ac9,responsibleDepartment,artcollection
collectionobjects,/collectionobjects/79de4bde-44e2-476b-9cae,responsibleDepartment,artcollection
collectionobjects,/collectionobjects/9fb55919-6dd0-4248-8fe2,responsibleDepartment,artcollection
collectionobjects,/collectionobjects/e20d3cb6-33df-4259-9651,responsibleDepartment,artcollection
collectionobjects,/collectionobjects/aec19ec2-fb56-4858-9566,responsibleDepartment,artcollection
collectionobjects,/collectionobjects/56ec8469-46ae-47e8-a165,responsibleDepartment,artcollection
collectionobjects,/collectionobjects/9f7e291a-82c9-4bca-aebf,responsibleDepartment,artcollection
collectionobjects,/collectionobjects/858614ac-bb6d-4373-8b0f,responsibleDepartment,artcollection
collectionobjects,/collectionobjects/4e97dc23-1eff-4eee-83e4,responsibleDepartment,artcollection
collectionobjects,/collectionobjects/dd713a4b-cdad-4965-b2c5,responsibleDepartment,artcollection
collectionobjects,/collectionobjects/b47ba9c4-020f-4f54-b15b,responsibleDepartment,artcollection
collectionobjects,/collectionobjects/9e1b650a-0ab7-4a8b-9332,responsibleDepartment,artcollection
collectionobjects,/collectionobjects/ba91ee18-a5a8-4ff3-a0ee,responsibleDepartment,artcollection
collectionobjects,/collectionobjects/da999f3d-08c5-4304-a2eb,responsibleDepartment,artcollection
collectionobjects,/collectionobjects/b234695e-b21b-4c67-aa22,responsibleDepartment,artcollection
collectionobjects,/collectionobjects/2ba1e96e-bd0c-411d-91b5,responsibleDepartment,artcollection
collectionobjects,/collectionobjects/94e358d7-44cc-40e4-b48b,responsibleDepartment,artcollection
collectionobjects,/collectionobjects/ed394b9b-2ca8-4e82-8d2a,responsibleDepartment,artcollection
collectionobjects,/collectionobjects/a63a9a91-2114-49a6-805d,responsibleDepartment,artcollection
collectionobjects,/collectionobjects/8c258787-a5b4-4325-83dd,responsibleDepartment,artcollection
collectionobjects,/collectionobjects/2ffe0811-4960-4eba-92b9,responsibleDepartment,artcollection
collectionobjects,/collectionobjects/e84f1d24-9172-4727-8d57,responsibleDepartment,artcollection
collectionobjects,/collectionobjects/9092bff6-3fba-4bfa-903b,responsibleDepartment,artcollection
collectionobjects,/collectionobjects/e879cb80-d5b8-4ae6-a3f3,responsibleDepartment,artcollection
collectionobjects,/collectionobjects/334c80b2-82f5-4858-a15d,responsibleDepartment,artcollection
collectionobjects,/collectionobjects/19ed4ff5-d0fc-47ff-8336,responsibleDepartment,artcollection
collectionobjects,/collectionobjects/b1bf5689-588d-49ec-83cf,responsibleDepartment,artcollection
collectionobjects,/collectionobjects/7ad6d092-008c-4ed5-a813,responsibleDepartment,artcollection
collectionobjects,/collectionobjects/89bb80d4-5899-4762-b17c,responsibleDepartment,artcollection
collectionobjects,/collectionobjects/29164d38-d76d-4eef-b13b,responsibleDepartment,artcollection
collectionobjects,/collectionobjects/3acf5c0c-ada9-4f95-94ff,responsibleDepartment,artcollection
collectionobjects,/collectionobjects/04087b33-004b-4551-92b4,responsibleDepartment,artcollection
collectionobjects,/collectionobjects/990b76b0-537e-4f52-9999,responsibleDepartment,artcollection
collectionobjects,/collectionobjects/e6fe14a9-f51a-4795-b87e,responsibleDepartment,artcollection
collectionobjects,/collectionobjects/1513b7b1-68a5-4f0d-98f2,responsibleDepartment,artcollection
collectionobjects,/collectionobjects/a557cad7-784d-4ec9-917f,responsibleDepartment,artcollection
collectionobjects,/collectionobjects/b9553046-b738-44bd-8515,responsibleDepartment,artcollection
collectionobjects,/collectionobjects/2c26f6f9-ffe4-45f0-940a,responsibleDepartment,artcollection
collectionobjects,/collectionobjects/82f6f19e-643e-4b0c-9b97,responsibleDepartment,artcollection
collectionobjects,/collectionobjects/b6392187-0405-4123-848d,responsibleDepartment,artcollection
collectionobjects,/collectionobjects/6c65bdd9-a8ae-4f0c-a615,responsibleDepartment,artcollection
collectionobjects,/collectionobjects/a85476a2-5723-498e-8c40,responsibleDepartment,artcollection
collectionobjects,/collectionobjects/03382367-fa03-4218-82ca,responsibleDepartment,artcollection
collectionobjects,/collectionobjects/c70f31ec-3969-46fe-a6a3,responsibleDepartment,artcollection
collectionobjects,/collectionobjects/90ce3d2c-8fef-48ef-aeab,responsibleDepartment,artcollection
collectionobjects,/collectionobjects/185bbf45-6d6e-412b-8130,responsibleDepartment,artcollection
collectionobjects,/collectionobjects/64b3385b-978b-4440-8bb3,responsibleDepartment,artcollection
collectionobjects,/collectionobjects/901d3194-590d-4506-8bc0,responsibleDepartment,artcollection
collectionobjects,/collectionobjects/02ee4b26-c054-40e8-85da,responsibleDepartment,artcollection
collectionobjects,/collectionobjects/f9118949-f8a1-4520-8d52,responsibleDepartment,artcollection
collectionobjects,/collectionobjects/1fb6bce9-6b64-4963-a1d6,responsibleDepartment,artcollection
collectionobjects,/collectionobjects/58c0ec1e-804f-4fd0-89ab,responsibleDepartment,artcollection
collectionobjects,/collectionobjects/0dfc2ff9-07d4-4900-af9e,responsibleDepartment,artcollection
collectionobjects,/collectionobjects/acd6a84d-3939-4a30-b65c,responsibleDepartment,artcollection
collectionobjects,/collectionobjects/b4b5ebf4-038c-4e27-a363,responsibleDepartment,artcollection
collectionobjects,/collectionobjects/9fb3148f-2124-44f3-9c24,responsibleDepartment,artcollection
collectionobjects,/collectionobjects/e895e4d6-c240-4b06-9a91,responsibleDepartment,artcollection
collectionobjects,/collectionobjects/d4e45973-d349-41ea-89b2,responsibleDepartment,artcollection
collectionobjects,/collectionobjects/75080598-604b-4a8e-a050,responsibleDepartment,artcollection
collectionobjects,/collectionobjects/352a0abd-c4ca-4e34-a46a,responsibleDepartment,artcollection
collectionobjects,/collectionobjects/ce4ef7fd-c8af-4e06-9786,responsibleDepartment,artcollection
collectionobjects,/collectionobjects/a5037ff5-568a-4398-90d3,responsibleDepartment,artcollection
collectionobjects,/collectionobjects/d704c930-9a2a-4043-a8bc,responsibleDepartment,artcollection
collectionobjects,/collectionobjects/ab94c5c9-f1ac-4ce8-9bce,responsibleDepartment,artcollection
collectionobjects,/collectionobjects/32439373-4ad1-46e9-b924,responsibleDepartment,artcollection
collectionobjects,/collectionobjects/4c9439de-1906-47f0-82a2,responsibleDepartment,artcollection
collectionobjects,/collectionobjects/99bf2e54-5396-413e-8979,responsibleDepartment,artcollection
collectionobjects,/collectionobjects/a0972a30-8025-4a90-b843,responsibleDepartment,artcollection
collectionobjects,/collectionobjects/9609c1e1-6be6-437d-ab06,responsibleDepartment,artcollection
collectionobjects,/collectionobjects/3a8a1b2d-e0c7-4fe6-ad5e,responsibleDepartment,artcollection
collectionobjects,/collectionobjects/bcd9f2ae-0907-405b-88b0,responsibleDepartment,artcollection
collectionobjects,/collectionobjects/af479b4b-8e2f-4bb2-af99,responsibleDepartment,artcollection
collectionobjects,/collectionobjects/f46bf75d-aabf-4a27-b047,responsibleDepartment,artcollection
collectionobjects,/collectionobjects/119a5449-c7be-42d6-839e,responsibleDepartment,artcollection
collectionobjects,/collectionobjects/51b964de-1c7b-4158-9cfb,responsibleDepartment,artcollection
collectionobjects,/collectionobjects/4ad19117-5508-45c1-b6df,responsibleDepartment,artcollection
collectionobjects,/collectionobjects/47a4fc33-5041-47a8-8095,responsibleDepartment,artcollection
collectionobjects,/collectionobjects/c7f83872-9f6e-4963-aa09,responsibleDepartment,artcollection
collectionobjects,/collectionobjects/70ece787-867d-426e-a26f,responsibleDepartment,artcollection
collectionobjects,/collectionobjects/862082fb-f017-4c4c-8f4a,responsibleDepartment,artcollection
collectionobjects,/collectionobjects/1c3c984f-eb0a-4577-828a,responsibleDepartment,artcollection
collectionobjects,/collectionobjects/2145c96a-cd2a-4c49-a85d,responsibleDepartment,artcollection
collectionobjects,/collectionobjects/56104f7a-9c5f-451c-81e0,responsibleDepartment,artcollection
collectionobjects,/collectionobjects/fa43da5b-227e-4f0a-ae91,responsibleDepartment,artcollection
collectionobjects,/collectionobjects/9c96bce4-52b4-4055-ac57,responsibleDepartment,artcollection
collectionobjects,/collectionobjects/64fe73c9-a744-4d35-9edc,responsibleDepartment,artcollection
collectionobjects,/collectionobjects/2f33d0e4-58f9-451c-97ed,responsibleDepartment,artcollection
collectionobjects,/collectionobjects/fb3de570-5f5b-4824-942c,responsibleDepartment,artcollection
collectionobjects,/collectionobjects/fb798bc3-d2ff-4db0-ba5c,responsibleDepartment,artcollection
collectionobjects,/collectionobjects/d456fd75-b7e7-47c8-b697,responsibleDepartment,artcollection
collectionobjects,/collectionobjects/36d2ca2d-f3a4-4353-b38e,responsibleDepartment,artcollection
collectionobjects,/collectionobjects/84e3bf9a-1f4f-4a9e-b268,responsibleDepartment,artcollection
collectionobjects,/collectionobjects/62f15519-3d4f-45b8-9179,responsibleDepartment,artcollection
collectionobjects,/collectionobjects/36e45d80-0519-405c-9b12,responsibleDepartment,artcollection
collectionobjects,/collectionobjects/1ba4987a-1a40-480d-966e,responsibleDepartment,artcollection
collectionobjects,/collectionobjects/4d73e8d8-0677-4dd3-9d81,responsibleDepartment,artcollection
collectionobjects,/collectionobjects/b75dbba5-4838-43fd-9401,responsibleDepartment,artcollection
collectionobjects,/collectionobjects/cd1b897c-afc5-4c90-b1d5,responsibleDepartment,artcollection
collectionobjects,/collectionobjects/b8e06849-6a8e-42e1-b938,responsibleDepartment,artcollection
collectionobjects,/collectionobjects/a51c06e7-d39f-4998-b4d3,responsibleDepartment,artcollection
collectionobjects,/collectionobjects/a7d38fab-42b1-4778-be1c,responsibleDepartment,artcollection
collectionobjects,/collectionobjects/3ee2ae4b-7c78-4539-82f2,responsibleDepartment,artcollection
collectionobjects,/collectionobjects/d312e641-e211-4602-ad5a,responsibleDepartment,artcollection
collectionobjects,/collectionobjects/ff8aa23f-dc47-4f01-9f31,responsibleDepartment,artcollection
collectionobjects,/collectionobjects/81ec9bf6-760f-4007-8bca,responsibleDepartment,artcollection
collectionobjects,/collectionobjects/9230f61a-6b7c-47bf-b0ac,responsibleDepartment,artcollection
collectionobjects,/collectionobjects/eb26b3df-b624-4855-a872,responsibleDepartment,artcollection
collectionobjects,/collectionobjects/4b685a8c-a6ba-4af6-96c0,responsibleDepartment,artcollection
collectionobjects,/collectionobjects/b338259f-08eb-484f-b268,responsibleDepartment,artcollection
collectionobjects,/collectionobjects/4f8a7b03-3577-45f6-aa36,responsibleDepartment,artcollection
collectionobjects,/collectionobjects/88b41d01-d7a5-41bc-9c13,responsibleDepartment,artcollection
collectionobjects,/collectionobjects/23776598-e6a6-45be-8345,responsibleDepartment,artcollection
collectionobjects,/collectionobjects/7c6e407c-d17b-46da-a773,responsibleDepartment,artcollection
collectionobjects,/collectionobjects/d18fd34e-3909-4128-8a83,responsibleDepartment,artcollection
collectionobjects,/collectionobjects/f9fdd403-dd35-4d6d-a6ee,responsibleDepartment,artcollection
collectionobjects,/collectionobjects/d75d8d0e-cc66-453d-b218,responsibleDepartment,artcollection
collectionobjects,/collectionobjects/f8b7d9f3-a346-4cb8-8572,responsibleDepartment,artcollection
collectionobjects,/collectionobjects/35fb93cb-f976-4266-b64f,responsibleDepartment,artcollection
collectionobjects,/collectionobjects/5d91c407-5ec0-49fd-bd9e,responsibleDepartment,artcollection
collectionobjects,/collectionobjects/978434ac-0098-4421-8237,responsibleDepartment,artcollection
collectionobjects,/collectionobjects/db8644a8-9b1d-46bd-85ee,responsibleDepartment,artcollection
collectionobjects,/collectionobjects/d2c91323-7104-4315-8cdb,responsibleDepartment,artcollection
collectionobjects,/collectionobjects/3c7b8731-dbcb-4e91-8967,responsibleDepartment,artcollection
collectionobjects,/collectionobjects/bee2ea42-054d-4539-8a34,responsibleDepartment,artcollection
collectionobjects,/collectionobjects/a4e6e235-bcb4-43d1-8623,responsibleDepartment,artcollection
collectionobjects,/collectionobjects/6c91ec50-f1cc-4790-b9db,responsibleDepartment,artcollection
collectionobjects,/collectionobjects/a94e4f3d-f11b-4f14-988b,responsibleDepartment,artcollection
collectionobjects,/collectionobjects/a76284d3-4463-4078-8494,responsibleDepartment,artcollection
collectionobjects,/collectionobjects/6a44bc37-cdd8-4fe6-a088,responsibleDepartment,artcollection
collectionobjects,/collectionobjects/1b65ae21-b042-49a5-82a1,responsibleDepartment,artcollection
collectionobjects,/collectionobjects/6679dc20-a668-40b7-981a,responsibleDepartment,artcollection
collectionobjects,/collectionobjects/ed44e717-6029-41a1-91a7,responsibleDepartment,artcollection
collectionobjects,/collectionobjects/423c4083-3c0f-4994-bd65,responsibleDepartment,artcollection
collectionobjects,/collectionobjects/1855ce56-4da5-4e7a-be51,responsibleDepartment,artcollection
collectionobjects,/collectionobjects/47594f86-de3a-4fde-bde5,responsibleDepartment,artcollection
collectionobjects,/collectionobjects/05d98ba7-107c-4e89-b514,responsibleDepartment,artcollection
collectionobjects,/collectionobjects/3e0a5254-63fc-4a06-b7ce,responsibleDepartment,artcollection
collectionobjects,/collectionobjects/1705e7ae-e956-44ef-a0ac,responsibleDepartment,artcollection
collectionobjects,/collectionobjects/643b66d8-ed4e-45e9-9f9d,responsibleDepartment,artcollection
collectionobjects,/collectionobjects/d621afe2-9a33-44fd-9208,responsibleDepartment,artcollection
collectionobjects,/collectionobjects/63e264c3-88c7-473b-bd81,responsibleDepartment,artcollection
collectionobjects,/collectionobjects/aa925456-2200-4b91-9043,responsibleDepartment,artcollection
collectionobjects,/collectionobjects/4135dd9d-fea2-4ebf-a043,responsibleDepartment,artcollection
collectionobjects,/collectionobjects/9445568b-c3f5-48f4-be11,responsibleDepartment,artcollection
collectionobjects,/collectionobjects/99ebe9dc-15da-4bdd-b165,responsibleDepartment,artcollection
collectionobjects,/collectionobjects/73ae48c0-047e-4867-bb54,responsibleDepartment,artcollection
collectionobjects,/collectionobjects/b61b8041-d7d0-42fb-b0fd,responsibleDepartment,artcollection
collectionobjects,/collectionobjects/54474e9a-bd80-408b-a4e2,responsibleDepartment,artcollection
collectionobjects,/collectionobjects/416ca9c1-12e9-44c4-a567,responsibleDepartment,artcollection
collectionobjects,/collectionobjects/7ab2ee65-bc94-4903-9a97,responsibleDepartment,artcollection
collectionobjects,/collectionobjects/f41e0aa9-9541-4128-a59a,responsibleDepartment,artcollection
collectionobjects,/collectionobjects/6bb10d01-3eec-4ad7-bff3,responsibleDepartment,artcollection
collectionobjects,/collectionobjects/8b47d96c-99ee-4e9c-b53f,responsibleDepartment,artcollection
collectionobjects,/collectionobjects/0b8e8650-5438-41d2-a80c,responsibleDepartment,artcollection
collectionobjects,/collectionobjects/3353d669-0879-4bfd-ad39,responsibleDepartment,artcollection
collectionobjects,/collectionobjects/f2fd2da8-b9e0-4c2c-8d00,responsibleDepartment,artcollection
collectionobjects,/collectionobjects/52711387-7f47-4a7c-957d,responsibleDepartment,artcollection
collectionobjects,/collectionobjects/88eb7e55-0ca9-4f53-a63d,responsibleDepartment,artcollection
collectionobjects,/collectionobjects/85ce2414-12e4-4604-b561,responsibleDepartment,artcollection
collectionobjects,/collectionobjects/294c3221-1cfc-4de4-8a0d,responsibleDepartment,artcollection
collectionobjects,/collectionobjects/8c952f38-6a45-4cf6-847c,responsibleDepartment,artcollection
collectionobjects,/collectionobjects/4bd0438c-dca2-4181-93e5,responsibleDepartment,artcollection
collectionobjects,/collectionobjects/d4fd130b-8ef9-4b8b-8bf5,responsibleDepartment,artcollection
collectionobjects,/collectionobjects/19f0822c-db25-4d1f-8584,responsibleDepartment,artcollection
collectionobjects,/collectionobjects/8e72f8bb-5357-4f19-bac7,responsibleDepartment,artcollection
collectionobjects,/collectionobjects/55dc14bc-71a2-4fb1-a397,responsibleDepartment,artcollection
collectionobjects,/collectionobjects/d41f399e-9019-4f48-b50c,responsibleDepartment,artcollection
collectionobjects,/collectionobjects/62b22ba7-f66f-4be9-9d53,responsibleDepartment,artcollection
collectionobjects,/collectionobjects/f5f79136-84b7-4a15-a11b,responsibleDepartment,artcollection
collectionobjects,/collectionobjects/d27302c6-8a45-452b-8a55,responsibleDepartment,artcollection
collectionobjects,/collectionobjects/a521ca92-afb2-4b19-ac27,responsibleDepartment,artcollection
collectionobjects,/collectionobjects/bee39319-ab8f-42a7-afef,responsibleDepartment,artcollection
collectionobjects,/collectionobjects/e9dee3df-9d18-46bb-8bb7,responsibleDepartment,artcollection
collectionobjects,/collectionobjects/2cfd3c76-7138-4f69-9a59,responsibleDepartment,artcollection
collectionobjects,/collectionobjects/46f0560b-1a62-4e17-b44a,responsibleDepartment,artcollection
collectionobjects,/collectionobjects/e4f39cf3-315c-4090-ac01,responsibleDepartment,artcollection
collectionobjects,/collectionobjects/b97c3681-434b-4e93-9b44,responsibleDepartment,artcollection
collectionobjects,/collectionobjects/bc75064e-b588-4e4f-b627,responsibleDepartment,artcollection
collectionobjects,/collectionobjects/398c1520-a863-4cb6-85d6,responsibleDepartment,artcollection
collectionobjects,/collectionobjects/7c45a40f-82cd-4264-9b79,responsibleDepartment,artcollection
collectionobjects,/collectionobjects/46730dbe-56ab-4b61-a0bc,responsibleDepartment,artcollection
collectionobjects,/collectionobjects/db46c691-025e-4337-ab7a,responsibleDepartment,artcollection
collectionobjects,/collectionobjects/9c2ce5bb-9106-4122-84ea,responsibleDepartment,artcollection
collectionobjects,/collectionobjects/d54b2840-f58c-42c8-8487,responsibleDepartment,artcollection
collectionobjects,/collectionobjects/fdeed14f-8003-448f-be42,responsibleDepartment,artcollection
collectionobjects,/collectionobjects/a8fc382e-8e26-4ad0-8e08,responsibleDepartment,artcollection
collectionobjects,/collectionobjects/8dd2e4f9-e765-4b68-b70c,responsibleDepartment,artcollection
collectionobjects,/collectionobjects/00fbca34-f7b4-46d8-84af,responsibleDepartment,artcollection
collectionobjects,/collectionobjects/58c55baf-6862-4f05-9cc0,responsibleDepartment,artcollection
collectionobjects,/collectionobjects/0c0cc8e9-3f5d-48be-a8ee,responsibleDepartment,artcollection
collectionobjects,/collectionobjects/c3a07b86-66b0-4464-8150,responsibleDepartment,artcollection
collectionobjects,/collectionobjects/80dc1af2-7666-44dd-908a,responsibleDepartment,artcollection
collectionobjects,/collectionobjects/3d3a5720-5b60-4d6f-b747,responsibleDepartment,artcollection
collectionobjects,/collectionobjects/f019f125-c1e8-4d7c-a142,responsibleDepartment,artcollection
collectionobjects,/collectionobjects/67b55536-db40-4f7b-bb82,responsibleDepartment,artcollection
collectionobjects,/collectionobjects/f5d8f836-12e1-4cd7-8c89,responsibleDepartment,artcollection
collectionobjects,/collectionobjects/b6bac11c-43c7-4865-84e4,responsibleDepartment,artcollection
collectionobjects,/collectionobjects/509e0f24-c5b3-4287-aa2f,responsibleDepartment,artcollection
collectionobjects,/collectionobjects/2a0f8bc5-f2d2-4b5d-a720,responsibleDepartment,artcollection
collectionobjects,/collectionobjects/63eddb88-b3a3-4d99-9def,responsibleDepartment,artcollection
collectionobjects,/collectionobjects/8f85dfaa-350e-4379-8c6c,responsibleDepartment,artcollection
collectionobjects,/collectionobjects/65fcb7ba-3cc2-4b57-90e5,responsibleDepartment,artcollection
collectionobjects,/collectionobjects/b49985eb-de7b-49cb-870a,responsibleDepartment,artcollection
collectionobjects,/collectionobjects/2bb79b77-4560-4987-88a2,responsibleDepartment,artcollection
collectionobjects,/collectionobjects/2614efef-3283-42ee-adc2,responsibleDepartment,artcollection
collectionobjects,/collectionobjects/7b954551-bb7e-4a35-a186,responsibleDepartment,artcollection
collectionobjects,/collectionobjects/df70512b-81b4-4eeb-b97e,responsibleDepartment,artcollection
collectionobjects,/collectionobjects/84c6c4ad-0455-4cea-867f,responsibleDepartment,artcollection
collectionobjects,/collectionobjects/f500b3f4-5e56-455e-8a82,responsibleDepartment,artcollection
collectionobjects,/collectionobjects/71a32cf5-b783-41c2-adf9,responsibleDepartment,artcollection
collectionobjects,/collectionobjects/e5a2c310-245e-4fa3-950c,responsibleDepartment,artcollection
collectionobjects,/collectionobjects/3acf4a12-d31b-4dfb-ae20,responsibleDepartment,artcollection
collectionobjects,/collectionobjects/a7777423-dd56-420e-9d59,responsibleDepartment,artcollection
collectionobjects,/collectionobjects/e4fd7e9f-fbec-4a3d-8d33,responsibleDepartment,artcollection
collectionobjects,/collectionobjects/fa4a6b67-5f5b-4071-8150,responsibleDepartment,artcollection
collectionobjects,/collectionobjects/d2225c32-d8c2-47c7-9771,responsibleDepartment,artcollection
collectionobjects,/collectionobjects/5872e3f9-908d-4ea2-ad8b,responsibleDepartment,artcollection
collectionobjects,/collectionobjects/6974634b-591f-49e9-903c,responsibleDepartment,artcollection
collectionobjects,/collectionobjects/1eb2c997-b7f6-4dde-b2d2,responsibleDepartment,artcollection
collectionobjects,/collectionobjects/f0ac83b1-8308-4bc6-85be,responsibleDepartment,artcollection
collectionobjects,/collectionobjects/3df794fc-8cdb-42c3-97fa,responsibleDepartment,artcollection
collectionobjects,/collectionobjects/0642012a-b104-4727-82d6,responsibleDepartment,artcollection
collectionobjects,/collectionobjects/1df2935d-7ffe-483d-9306,responsibleDepartment,artcollection
collectionobjects,/collectionobjects/ab9500ea-d63a-4164-9d08,responsibleDepartment,artcollection
collectionobjects,/collectionobjects/e7937f7a-16c0-466a-ae2f,responsibleDepartment,artcollection
collectionobjects,/collectionobjects/248ced91-22d3-4e56-b1b9,responsibleDepartment,artcollection
collectionobjects,/collectionobjects/6fdccdad-3ae8-4e73-9a6c,responsibleDepartment,artcollection
collectionobjects,/collectionobjects/3ea000e7-e679-4b9c-97e9,responsibleDepartment,artcollection
collectionobjects,/collectionobjects/25eeff11-c698-43e5-84eb,responsibleDepartment,artcollection
collectionobjects,/collectionobjects/65c584ed-9ab2-4486-951e,responsibleDepartment,artcollection
collectionobjects,/collectionobjects/4af5390f-7bd6-4da5-81bf,responsibleDepartment,artcollection
collectionobjects,/collectionobjects/f2ccbc0d-839e-4b83-9cf4,responsibleDepartment,artcollection
collectionobjects,/collectionobjects/2def1286-b4b0-43cd-88b8,responsibleDepartment,artcollection
collectionobjects,/collectionobjects/98fad1c2-90c6-47d9-86be,responsibleDepartment,artcollection
collectionobjects,/collectionobjects/2c06bead-f9e0-46d9-9f64,responsibleDepartment,artcollection
collectionobjects,/collectionobjects/98c69969-4909-4134-be0e,responsibleDepartment,artcollection
collectionobjects,/collectionobjects/cdc2216c-a458-4d73-8b30,responsibleDepartment,artcollection
collectionobjects,/collectionobjects/ee8d06e7-f130-4c30-b9e7,responsibleDepartment,artcollection
collectionobjects,/collectionobjects/95baeda7-c35f-418a-a690,responsibleDepartment,artcollection
collectionobjects,/collectionobjects/1a523ce4-52a7-4712-a325,responsibleDepartment,artcollection
collectionobjects,/collectionobjects/96315369-dfe4-4beb-8239,responsibleDepartment,artcollection
collectionobjects,/collectionobjects/4bf4fa9b-76b2-498d-a73d,responsibleDepartment,artcollection
collectionobjects,/collectionobjects/80e86acd-94ce-402b-828c,responsibleDepartment,artcollection
collectionobjects,/collectionobjects/cd206cca-e207-4bf6-a411,responsibleDepartment,artcollection
collectionobjects,/collectionobjects/fbb70cb2-5193-44e4-ac77,responsibleDepartment,artcollection
collectionobjects,/collectionobjects/ca72889a-d0b9-47c6-8442,responsibleDepartment,artcollection
collectionobjects,/collectionobjects/f7f44012-b80a-41a7-99c9,responsibleDepartment,artcollection
collectionobjects,/collectionobjects/98c917eb-0b58-48a4-885f,responsibleDepartment,artcollection
collectionobjects,/collectionobjects/bef2a1df-a3da-4969-9441,responsibleDepartment,artcollection
collectionobjects,/collectionobjects/1738cb63-09fd-4996-9051,responsibleDepartment,artcollection
collectionobjects,/collectionobjects/94749081-2fad-4337-8b51,responsibleDepartment,artcollection
collectionobjects,/collectionobjects/e0767034-9ea1-4e4f-8023,responsibleDepartment,artcollection
collectionobjects,/collectionobjects/16e7ca02-d786-4afb-b7b5,responsibleDepartment,artcollection
collectionobjects,/collectionobjects/b25f62d1-18bd-4226-b59e,responsibleDepartment,artcollection
collectionobjects,/collectionobjects/573c178c-de40-47c0-9154,responsibleDepartment,artcollection
collectionobjects,/collectionobjects/c2e6b3b1-56c5-4bc5-a1ed,responsibleDepartment,artcollection
collectionobjects,/collectionobjects/509c5d09-1e9f-47ec-a90a,responsibleDepartment,artcollection
collectionobjects,/collectionobjects/323ad8c5-d90a-4611-897e,responsibleDepartment,artcollection
collectionobjects,/collectionobjects/76c88676-268d-4dcb-b3f6,responsibleDepartment,artcollection
collectionobjects,/collectionobjects/b3fbd51e-25a1-4379-9fb9,responsibleDepartment,artcollection
collectionobjects,/collectionobjects/a74c119a-1637-4119-b781,responsibleDepartment,artcollection
collectionobjects,/collectionobjects/b1cc1e51-6a6c-4d7d-9505,responsibleDepartment,artcollection
collectionobjects,/collectionobjects/c113e8d0-7573-4fc5-863a,responsibleDepartment,artcollection
collectionobjects,/collectionobjects/124df189-b75f-46d7-bbb9,responsibleDepartment,artcollection
collectionobjects,/collectionobjects/9138c000-0ab1-4afb-844a,responsibleDepartment,artcollection
collectionobjects,/collectionobjects/f0341751-8975-4d1d-b806,responsibleDepartment,artcollection
collectionobjects,/collectionobjects/a6a07fff-34bc-431d-a466,responsibleDepartment,artcollection
collectionobjects,/collectionobjects/a99f8cbe-2077-43af-b4b6,responsibleDepartment,artcollection
collectionobjects,/collectionobjects/02a50cbe-49d3-42d4-8892,responsibleDepartment,artcollection
collectionobjects,/collectionobjects/4eb8c652-b0fe-49dc-b1d6,responsibleDepartment,artcollection
collectionobjects,/collectionobjects/fc5a30a6-b3de-4c08-b03f,responsibleDepartment,artcollection
collectionobjects,/collectionobjects/23293293-f436-4a94-b4ab,responsibleDepartment,artcollection
collectionobjects,/collectionobjects/101d4f9a-9a62-4567-959c,responsibleDepartment,artcollection
collectionobjects,/collectionobjects/47cb2296-1efc-4290-8850,responsibleDepartment,artcollection
collectionobjects,/collectionobjects/556ffabb-0082-4be0-8559,responsibleDepartment,artcollection
collectionobjects,/collectionobjects/3c055294-4052-4583-ba2e,responsibleDepartment,artcollection
collectionobjects,/collectionobjects/e1ce85f2-9872-418a-a8c0,responsibleDepartment,artcollection
collectionobjects,/collectionobjects/e0bef51b-55f5-4755-9c9f,responsibleDepartment,artcollection
collectionobjects,/collectionobjects/a79903a9-e2dc-41ef-9d09,responsibleDepartment,artcollection
collectionobjects,/collectionobjects/99232038-1f91-4f67-923d,responsibleDepartment,artcollection
collectionobjects,/collectionobjects/b452e454-8201-43ce-98bc,responsibleDepartment,artcollection
collectionobjects,/collectionobjects/e85dc096-a55c-4a3c-b4b1,responsibleDepartment,artcollection
collectionobjects,/collectionobjects/b652b2cb-a7ef-45dd-aade,responsibleDepartment,artcollection
collectionobjects,/collectionobjects/3df925e7-f093-4cf1-9533,responsibleDepartment,artcollection
collectionobjects,/collectionobjects/dce8634c-50f6-412a-9613,responsibleDepartment,artcollection
collectionobjects,/collectionobjects/574dce2e-b1d4-49bf-b4a6,responsibleDepartment,artcollection
collectionobjects,/collectionobjects/37e37ba0-4f10-4f62-ab12,responsibleDepartment,artcollection
collectionobjects,/collectionobjects/8d434587-fc32-4b80-8566,responsibleDepartment,artcollection
collectionobjects,/collectionobjects/ce4562b1-7925-4531-a8bf,responsibleDepartment,artcollection
